,Protein ID (canonical),Gene names,Compartment
0,O14639,ABLIM1,Actin binding proteins
1,P60709,ACTB,Actin binding proteins
2,P63261,ACTG1,Actin binding proteins
3,P12814,ACTN1,Actin binding proteins
4,O43707,ACTN4,Actin binding proteins
5,Q05682,CALD1,Actin binding proteins
6,Q9BR76,CORO1B,Actin binding proteins
7,Q9ULV4,CORO1C,Actin binding proteins
8,Q92828,CORO2A,Actin binding proteins
9,Q14247,CTTN,Actin binding proteins
10,Q16643,DBN1,Actin binding proteins
11,P21333,FLNA,Actin binding proteins
12,O75369,FLNB,Actin binding proteins
13,Q9UPQ0,LIMCH1,Actin binding proteins
14,Q8WWI1,LMO7,Actin binding proteins
15,Q6WCQ1,MPRIP,Actin binding proteins
16,P35580,MYH10,Actin binding proteins
17,P35579,MYH9,Actin binding proteins
18,O14950,MYL12B,Actin binding proteins
19,P60660,MYL6,Actin binding proteins
20,Q8WX93,PALLD,Actin binding proteins
21,Q9NR12,PDLIM7,Actin binding proteins
22,Q14651,PLS1,Actin binding proteins
23,P13797,PLS3,Actin binding proteins
24,Q6NYC8,PPP1R18,Actin binding proteins
25,Q96SB3,PPP1R9B,Actin binding proteins
26,Q9P0K7,RAI14,Actin binding proteins
27,O94875,SORBS2,Actin binding proteins
28,Q13813,SPTAN1,Actin binding proteins
29,Q01082,SPTBN1,Actin binding proteins
30,O15020,SPTBN2,Actin binding proteins
31,Q9Y490,TLN1,Actin binding proteins
32,Q9HBL0,TNS1,Actin binding proteins
33,P46939,UTRN,Actin binding proteins
34,Q9P2R3,ANKFY1,Endosome
35,O00203,AP3B1,Endosome
36,O14617,AP3D1,Endosome
37,Q9Y2T2,AP3M1,Endosome
38,P05067,APP,Endosome
39,Q96BM9,ARL8A,Endosome
40,Q9NVJ2,ARL8B,Endosome
41,Q7Z3C6,ATG9A,Endosome
42,Q15904,ATP6AP1,Endosome
43,Q93050,ATP6V0A1,Endosome
44,Q9Y487,ATP6V0A2,Endosome
45,Q9HBG4,ATP6V0A4,Endosome
46,P61421,ATP6V0D1,Endosome
47,P38606,ATP6V1A,Endosome
48,P21281,ATP6V1B2,Endosome
49,P21283,ATP6V1C1,Endosome
50,P36543,ATP6V1E1,Endosome
51,O75348,ATP6V1G1,Endosome
52,Q9UI12,ATP6V1H,Endosome
53,P78537,BLOC1S1,Endosome
54,Q6QNY1,BLOC1S2,Endosome
55,Q6QNY0,BLOC1S3,Endosome
56,P86791,CCZ1,Endosome
57,P51790,CLCN3,Endosome
58,O75165,DNAJC13,Endosome
59,Q15075,EEA1,Endosome
60,Q9H4M9,EHD1,Endosome
61,Q9H223,EHD4,Endosome
62,Q641Q2,FAM21A,Endosome
63,O14964,HGS,Endosome
64,P11717,IGF2R,Endosome
65,Q12768,KIAA0196,Endosome
66,Q2M389,KIAA1033,Endosome
67,P20645,M6PR,Endosome
68,Q7L1V2,MON1B,Endosome
69,Q01968,OCRL,Endosome
70,Q15907,RAB11B,Endosome
71,Q6WKZ4,RAB11FIP1,Endosome
72,Q9BXF6,RAB11FIP5,Endosome
73,P61106,RAB14,Endosome
74,Q9H0T7,RAB17,Endosome
75,P20338,RAB4A,Endosome
76,P51151,RAB9A,Endosome
77,O15126,SCAMP1,Endosome
78,O15127,SCAMP2,Endosome
79,O14828,SCAMP3,Endosome
80,Q6P3W7,SCYL2,Endosome
81,O95295,SNAPIN,Endosome
82,Q13596,SNX1,Endosome
83,O60749,SNX2,Endosome
84,Q96L92,SNX27,Endosome
85,O60493,SNX3,Endosome
86,Q5VWJ9,SNX30,Endosome
87,O95219,SNX4,Endosome
88,Q9Y5X3,SNX5,Endosome
89,Q9UNH7,SNX6,Endosome
90,Q9Y5X2,SNX8,Endosome
91,Q99523,SORT1,Endosome
92,Q92783,STAM,Endosome
93,O75886,STAM2,Endosome
94,O60499,STX10,Endosome
95,Q86Y82,STX12,Endosome
96,O14662,STX16,Endosome
97,O43752,STX6,Endosome
98,O15400,STX7,Endosome
99,Q9UNK0,STX8,Endosome
100,Q92609,TBC1D5,Endosome
101,P02786,TFRC,Endosome
102,Q08AM6,VAC14,Endosome
103,P51809,VAMP7,Endosome
104,Q9BV40,VAMP8,Endosome
105,Q9H270,VPS11,Endosome
106,Q9H269,VPS16,Endosome
107,Q9P253,VPS18,Endosome
108,O75436,VPS26A,Endosome
109,Q4G0F5,VPS26B,Endosome
110,Q9UBQ0,VPS29,Endosome
111,Q96AX1,VPS33A,Endosome
112,Q96QK1,VPS35,Endosome
113,Q96JC1,VPS39,Endosome
114,P49754,VPS41,Endosome
115,Q9NRW7,VPS45,Endosome
116,Q96AJ9,VTI1A,Endosome
117,Q9UEU0,VTI1B,Endosome
118,Q8IWB7,WDFY1,Endosome
119,P27797,CALR,ER
120,Q6UWW8,CES3,ER
121,Q99715,COL12A1,ER
122,Q8NBJ5,COLGALT1,ER
123,Q9UBS4,DNAJB11,ER
124,Q8IXB1,DNAJC10,ER
125,Q9BZQ6,EDEM3,ER
126,Q5NDL2,EOGT,ER
127,Q96DZ1,ERLEC1,ER
128,P30040,ERP29,ER
129,Q96AY3,FKBP10,ER
130,Q9NWM8,FKBP14,ER
131,O95302,FKBP9,ER
132,Q14697,GANAB,ER
133,P14625,HSP90B1,ER
134,P11021,HSPA5,ER
135,Q9Y4L1,HYOU1,ER
136,Q6UW63,KDELC1,ER
137,Q7Z4H8,KDELC2,ER
138,Q32P28,LEPRE1,ER
139,Q8IVL5,LEPREL1,ER
140,Q08380,LGALS3BP,ER
141,Q9UNW1,MINPP1,ER
142,P13674,P4HA1,ER
143,O15460,P4HA2,ER
144,P07237,P4HB,ER
145,P30101,PDIA3,ER
146,P13667,PDIA4,ER
147,Q14554,PDIA5,ER
148,Q15084,PDIA6,ER
149,Q02809,PLOD1,ER
150,O00469,PLOD2,ER
151,O60568,PLOD3,ER
152,Q9H488,POFUT1,ER
153,Q8NBL1,POGLUT1,ER
154,P23284,PPIB,ER
155,Q92626,PXDN,ER
156,Q14257,RCN2,ER
157,Q96D15,RCN3,ER
158,Q9HCN8,SDF2L1,ER
159,O60613,42628,ER
160,P50454,SERPINH1,ER
161,Q9H173,SIL1,ER
162,Q8NBJ7,SUMF2,ER
163,O14657,TOR1B,ER
164,Q9H497,TOR3A,ER
165,O95881,TXNDC12,ER
166,Q8NBS9,TXNDC5,ER
167,Q9NYU2,UGGT1,ER
168,P51648,ALDH3A2,ER
169,Q12797,ASPH,ER
170,P18850,ATF6,ER
171,Q9HD20,ATP13A1,ER
172,P16615,ATP2A2,ER
173,Q6Y288,B3GALTL,ER
174,Q9UHQ4,BCAP29,ER
175,P27824,CANX,ER
176,P39656,DDOST,ER
177,P07099,EPHX1,ER
178,O75477,ERLIN1,ER
179,O94905,ERLIN2,ER
180,Q7Z2K6,ERMP1,ER
181,P37268,FDFT1,ER
182,Q8TED1,GPX8,ER
183,Q6Y1H2,HACD2,ER
184,Q9P035,HACD3,ER
185,Q8TCT9,HM13,ER
186,Q53GQ0,HSD17B12,ER
187,Q14643,ITPR1,ER
188,Q14571,ITPR2,ER
189,Q14573,ITPR3,ER
190,Q6UWP7,LCLAT1,ER
191,P30533,LRPAP1,ER
192,P48449,LSS,ER
193,Q5JRA6,MIA3,ER
194,Q14165,MLEC,ER
195,Q13724,MOGS,ER
196,A2RRP1,NBAS,ER
197,Q969V3,NCLN,ER
198,Q9NRP0,OSTC,ER
199,O00264,PGRMC1,ER
200,Q92643,PIGK,ER
201,Q8TEQ8,PIGO,ER
202,Q96S52,PIGS,ER
203,Q969N2,PIGT,ER
204,Q9H490,PIGU,ER
205,P16435,POR,ER
206,Q8TC12,RDH11,ER
207,Q6NUM9,RETSAT,ER
208,P04843,RPN1,ER
209,P04844,RPN2,ER
210,Q9P2E9,RRBP1,ER
211,Q9NTJ5,SACM1L,ER
212,O00767,SCD,ER
213,P67812,SEC11A,ER
214,P61619,SEC61A1,ER
215,P60468,SEC61B,ER
216,P60059,SEC61G,ER
217,Q99442,SEC62,ER
218,Q9UGP8,SEC63,ER
219,Q9UBV2,SEL1L,ER
220,O14975,SLC27A2,ER
221,Q14BN4,SLMAP,ER
222,P35610,SOAT1,ER
223,Q15005,SPCS2,ER
224,O15269,SPTLC1,ER
225,O15270,SPTLC2,ER
226,P61011,SRP54,ER
227,Q9UHB9,SRP68,ER
228,O76094,SRP72,ER
229,P08240,SRPR,ER
230,Q9Y5M8,SRPRB,ER
231,P51571,SSR4,ER
232,P46977,STT3A,ER
233,Q8TCJ2,STT3B,ER
234,Q03518,TAP1,ER
235,Q03519,TAP2,ER
236,O15533,TAPBP,ER
237,Q9NZ01,TECR,ER
238,P55061,TMBIM6,ER
239,P57088,TMEM33,ER
240,Q96JJ7,TMX3,ER
241,Q8NFQ8,TOR1AIP2,ER
242,Q15629,TRAM1,ER
243,Q92575,UBXN4,ER
244,Q9P0L0,VAPA,ER
245,O95292,VAPB,ER
257,O15155,BET1,Ergic/cisGolgi
258,Q969X5,ERGIC1,Ergic/cisGolgi
259,Q96RQ1,ERGIC2,Ergic/cisGolgi
260,Q9Y282,ERGIC3,Ergic/cisGolgi
261,Q9BS26,ERP44,Ergic/cisGolgi
262,Q9Y3E0,GOLT1B,Ergic/cisGolgi
263,O14653,GOSR2,Ergic/cisGolgi
264,P24390,KDELR1,Ergic/cisGolgi
265,P49257,LMAN1,Ergic/cisGolgi
266,Q12907,LMAN2,Ergic/cisGolgi
267,Q9H0V9,LMAN2L,Ergic/cisGolgi
268,Q8NI22,MCFD2,Ergic/cisGolgi
269,P61019,RAB2A,Ergic/cisGolgi
270,Q8WUD1,RAB2B,Ergic/cisGolgi
271,O15258,RER1,Ergic/cisGolgi
272,Q13190,STX5,Ergic/cisGolgi
273,O15260,SURF4,Ergic/cisGolgi
274,Q13445,TMED1,Ergic/cisGolgi
275,P49755,TMED10,Ergic/cisGolgi
276,Q15363,TMED2,Ergic/cisGolgi
277,Q9Y3Q3,TMED3,Ergic/cisGolgi
278,Q7Z7H5,TMED4,Ergic/cisGolgi
279,Q9Y3A6,TMED5,Ergic/cisGolgi
280,Q9Y3B3,TMED7,Ergic/cisGolgi
281,Q9BVK6,TMED9,Ergic/cisGolgi
282,Q969M3,YIPF5,Ergic/cisGolgi
283,P84077,ARF1,Golgi
284,P40616,ARL1,Golgi
285,P98194,ATP2C1,Golgi
286,O94766,B3GAT3,Golgi
287,P15291,B4GALT1,Golgi
288,O60513,B4GALT4,Golgi
289,O43286,B4GALT5,Golgi
290,Q14746,COG2,Golgi
291,Q9H9E3,COG4,Golgi
292,Q9UP83,COG5,Golgi
293,O75063,FAM20B,Golgi
294,Q10472,GALNT1,Golgi
295,Q10471,GALNT2,Golgi
296,Q8NCL4,GALNT6,Golgi
297,Q86SF2,GALNT7,Golgi
298,Q8IWJ2,GCC2,Golgi
299,Q92896,GLG1,Golgi
300,Q08379,GOLGA2,Golgi
301,Q08378,GOLGA3,Golgi
302,Q13439,GOLGA4,Golgi
303,Q8TBA6,GOLGA5,Golgi
304,Q14789,GOLGB1,Golgi
305,O00461,GOLIM4,Golgi
306,Q8NBJ4,GOLM1,Golgi
307,Q9H8Y8,GORASP2,Golgi
308,O95249,GOSR1,Golgi
309,Q7LGA3,HS2ST1,Golgi
310,Q16706,MAN2A1,Golgi
311,Q10469,MGAT2,Golgi
312,Q9BRK5,SDF4,Golgi
313,Q8TB61,SLC35B2,Golgi
314,Q15643,TRIP11,Golgi
315,Q8NBZ7,UXS1,Golgi
625,P11117,ACP2,Lysosome
626,P15848,ARSB,Lysosome
627,Q13510,ASAH1,Lysosome
628,P51798,CLCN7,Lysosome
629,O75629,CREG1,Lysosome
630,P10619,CTSA,Lysosome
631,P07858,CTSB,Lysosome
632,P53634,CTSC,Lysosome
633,P07339,CTSD,Lysosome
634,P07711,CTSL,Lysosome
635,Q9UBR2,CTSZ,Lysosome
636,O00115,DNASE2,Lysosome
637,P10253,GAA,Lysosome
638,P04062,GBA,Lysosome
639,Q92820,GGH,Lysosome
640,P06280,GLA,Lysosome
641,P16278,GLB1,Lysosome
642,Q8WWB7,GLMP,Lysosome
643,P15586,GNS,Lysosome
644,P06865,HEXA,Lysosome
645,P07686,HEXB,Lysosome
646,P13284,IFI30,Lysosome
647,P11279,LAMP1,Lysosome
648,P13473,LAMP2,Lysosome
649,Q6IAA8,LAMTOR1,Lysosome
650,Q9Y2Q5,LAMTOR2,Lysosome
651,Q9UHA4,LAMTOR3,Lysosome
652,Q0VGL1,LAMTOR4,Lysosome
653,O43504,LAMTOR5,Lysosome
654,P38571,LIPA,Lysosome
655,O00754,MAN2B1,Lysosome
656,P17050,NAGA,Lysosome
657,P54802,NAGLU,Lysosome
658,Q99519,NEU1,Lysosome
659,O15118,NPC1,Lysosome
660,P61916,NPC2,Lysosome
661,Q8NHP8,PLBD2,Lysosome
662,P50897,PPT1,Lysosome
663,P42785,PRCP,Lysosome
664,P07602,PSAP,Lysosome
665,Q14108,SCARB2,Lysosome
666,Q9HAT2,SIAE,Lysosome
667,O14773,TPP1,Lysosome
668,P25705,ATP5A1,Mitochondrion
669,P06576,ATP5B,Mitochondrion
670,P36542,ATP5C1,Mitochondrion
671,P24539,ATP5F1,Mitochondrion
672,O75947,ATP5H,Mitochondrion
673,P56385,ATP5I,Mitochondrion
674,O75964,ATP5L,Mitochondrion
675,P48047,ATP5O,Mitochondrion
676,Q9NX63,CHCHD3,Mitochondrion
677,Q9Y2R0,COA3,Mitochondrion
678,P13073,COX4I1,Mitochondrion
679,P20674,COX5A,Mitochondrion
680,P09669,COX6C,Mitochondrion
681,P15954,COX7C,Mitochondrion
682,Q9Y5T4,DNAJC15,Mitochondrion
683,P53701,HCCS,Mitochondrion
684,Q16891,IMMT,Mitochondrion
685,O95202,LETM1,Mitochondrion
686,P00403,MT-CO2,Mitochondrion
687,Q9BU61,NDUFAF3,Mitochondrion
688,Q9NX14,NDUFB11,Mitochondrion
689,O43676,NDUFB3,Mitochondrion
690,O43674,NDUFB5,Mitochondrion
691,P28331,NDUFS1,Mitochondrion
692,P19404,NDUFV2,Mitochondrion
693,Q15070,OXA1L,Mitochondrion
694,P35232,PHB,Mitochondrion
695,P21912,SDHB,Mitochondrion
696,P53007,SLC25A1,Mitochondrion
697,Q9UBX3,SLC25A10,Mitochondrion
698,Q02978,SLC25A11,Mitochondrion
699,Q9UJS0,SLC25A13,Mitochondrion
700,Q9H936,SLC25A22,Mitochondrion
701,Q6NUK1,SLC25A24,Mitochondrion
702,Q00325,SLC25A3,Mitochondrion
703,P05141,SLC25A5,Mitochondrion
704,P12236,SLC25A6,Mitochondrion
705,Q9BVV7,TIMM21,Mitochondrion
706,O14925,TIMM23,Mitochondrion
707,Q3ZCQ8,TIMM50,Mitochondrion
708,Q9BUB7,TMEM70,Mitochondrion
709,P14927,UQCRB,Mitochondrion
710,P31930,UQCRC1,Mitochondrion
711,P22695,UQCRC2,Mitochondrion
712,O14949,UQCRQ,Mitochondrion
713,Q96TA2,YME1L1,Mitochondrion
714,Q9NPJ3,ACOT13,Mitochondrion
715,P30038,ALDH4A1,Mitochondrion
716,Q16775,HAGH,Mitochondrion
717,Q5JTZ9,AARS2,Mitochondrion
718,P11310,ACADM,Mitochondrion
719,P45954,ACADSB,Mitochondrion
720,P24752,ACAT1,Mitochondrion
721,P54819,AK2,Mitochondrion
722,P27144,AK4,Mitochondrion
723,P30837,ALDH1B1,Mitochondrion
724,P51649,ALDH5A1,Mitochondrion
725,P49419,ALDH7A1,Mitochondrion
726,Q8NCW5,APOA1BP,Mitochondrion
727,Q9UII2,ATPIF1,Mitochondrion
728,P12694,BCKDHA,Mitochondrion
729,P21953,BCKDHB,Mitochondrion
730,Q9HA77,CARS2,Mitochondrion
731,Q16740,CLPP,Mitochondrion
732,O76031,CLPX,Mitochondrion
733,Q96BR5,COA7,Mitochondrion
734,P31327,CPS1,Mitochondrion
735,O75390,CS,Mitochondrion
736,P99999,CYCS,Mitochondrion
737,P51398,DAP3,Mitochondrion
738,Q6PI48,DARS2,Mitochondrion
739,P11182,DBT,Mitochondrion
740,P10515,DLAT,Mitochondrion
741,P09622,DLD,Mitochondrion
742,P36957,DLST,Mitochondrion
743,Q96EY1,DNAJA3,Mitochondrion
744,P23919,DTYMK,Mitochondrion
745,Q5JPH6,EARS2,Mitochondrion
746,P30084,ECHS1,Mitochondrion
747,P42126,ECI1,Mitochondrion
748,Q9BQ52,ELAC2,Mitochondrion
749,P13804,ETFA,Mitochondrion
750,P38117,ETFB,Mitochondrion
751,O95363,FARS2,Mitochondrion
752,P10109,FDX1,Mitochondrion
753,P22570,FDXR,Mitochondrion
754,P07954,FH,Mitochondrion
755,Q92947,GCDH,Mitochondrion
756,P00367,GLUD1,Mitochondrion
757,P00505,GOT2,Mitochondrion
758,Q9HAV7,GRPEL1,Mitochondrion
759,Q8TAA5,GRPEL2,Mitochondrion
760,P00390,GSR,Mitochondrion
761,Q16836,HADH,Mitochondrion
762,P49590,HARS2,Mitochondrion
763,Q92506,HSD17B8,Mitochondrion
764,P38646,HSPA9,Mitochondrion
765,P10809,HSPD1,Mitochondrion
766,P61604,HSPE1,Mitochondrion
767,Q9NSE4,IARS2,Mitochondrion
768,O43837,IDH3B,Mitochondrion
769,P26440,IVD,Mitochondrion
770,O15091,KIAA0391,Mitochondrion
771,P83111,LACTB,Mitochondrion
772,Q15031,LARS2,Mitochondrion
773,P36776,LONP1,Mitochondrion
774,Q5U5X0,LYRM7,Mitochondrion
775,Q96EH3,MALSU1,Mitochondrion
776,Q8IVS2,MCAT,Mitochondrion
777,Q96RQ3,MCCC1,Mitochondrion
778,Q9HCC0,MCCC2,Mitochondrion
779,P40926,MDH2,Mitochondrion
780,P23368,ME2,Mitochondrion
781,Q8IYU8,MICU2,Mitochondrion
782,Q99797,MIPEP,Mitochondrion
783,Q96EY8,MMAB,Mitochondrion
784,Q9BYD6,MRPL1,Mitochondrion
785,Q7Z7H8,MRPL10,Mitochondrion
786,Q9Y3B7,MRPL11,Mitochondrion
787,Q9BYD1,MRPL13,Mitochondrion
788,Q6P1L8,MRPL14,Mitochondrion
789,Q9P015,MRPL15,Mitochondrion
790,Q9NX20,MRPL16,Mitochondrion
791,Q9NRX2,MRPL17,Mitochondrion
792,Q9H0U6,MRPL18,Mitochondrion
793,P49406,MRPL19,Mitochondrion
794,Q5T653,MRPL2,Mitochondrion
795,Q9BYC9,MRPL20,Mitochondrion
796,Q7Z2W9,MRPL21,Mitochondrion
797,Q9NWU5,MRPL22,Mitochondrion
798,Q16540,MRPL23,Mitochondrion
799,Q96A35,MRPL24,Mitochondrion
800,Q9P0M9,MRPL27,Mitochondrion
801,Q13084,MRPL28,Mitochondrion
802,P09001,MRPL3,Mitochondrion
803,Q8TCC3,MRPL30,Mitochondrion
804,Q9BYC8,MRPL32,Mitochondrion
805,Q9BZE1,MRPL37,Mitochondrion
806,Q96DV4,MRPL38,Mitochondrion
807,Q9NYK5,MRPL39,Mitochondrion
808,Q9BYD3,MRPL4,Mitochondrion
809,Q8IXM3,MRPL41,Mitochondrion
810,Q8N983,MRPL43,Mitochondrion
811,Q9H9J2,MRPL44,Mitochondrion
812,Q9BRJ2,MRPL45,Mitochondrion
813,Q9H2W6,MRPL46,Mitochondrion
814,Q9HD33,MRPL47,Mitochondrion
815,Q96GC5,MRPL48,Mitochondrion
816,Q13405,MRPL49,Mitochondrion
817,Q8N5N7,MRPL50,Mitochondrion
818,Q96EL3,MRPL53,Mitochondrion
819,Q7Z7F7,MRPL55,Mitochondrion
820,Q9BYD2,MRPL9,Mitochondrion
821,P82664,MRPS10,Mitochondrion
822,P82912,MRPS11,Mitochondrion
823,O15235,MRPS12,Mitochondrion
824,O60783,MRPS14,Mitochondrion
825,P82914,MRPS15,Mitochondrion
826,Q9Y3D3,MRPS16,Mitochondrion
827,Q9Y2R5,MRPS17,Mitochondrion
828,Q9NVS2,MRPS18A,Mitochondrion
829,Q9Y676,MRPS18B,Mitochondrion
830,Q9Y399,MRPS2,Mitochondrion
831,P82650,MRPS22,Mitochondrion
832,Q9Y3D9,MRPS23,Mitochondrion
833,Q96EL2,MRPS24,Mitochondrion
834,P82663,MRPS25,Mitochondrion
835,Q9BYN8,MRPS26,Mitochondrion
836,Q92552,MRPS27,Mitochondrion
837,Q9Y2Q9,MRPS28,Mitochondrion
838,Q9NP92,MRPS30,Mitochondrion
839,Q92665,MRPS31,Mitochondrion
840,P82930,MRPS34,Mitochondrion
841,P82673,MRPS35,Mitochondrion
842,P82909,MRPS36,Mitochondrion
843,P82675,MRPS5,Mitochondrion
844,P82932,MRPS6,Mitochondrion
845,Q9Y2R9,MRPS7,Mitochondrion
846,P82933,MRPS9,Mitochondrion
847,Q6UB35,MTHFD1L,Mitochondrion
848,P22033,MUT,Mitochondrion
849,Q96I59,NARS2,Mitochondrion
850,O95299,NDUFA10,Mitochondrion
851,Q16795,NDUFA9,Mitochondrion
852,Q9BYT8,NLN,Mitochondrion
853,P04181,OAT,Mitochondrion
854,Q02218,OGDH,Mitochondrion
855,P55809,OXCT1,Mitochondrion
856,P11498,PC,Mitochondrion
857,Q6L8Q7,PDE12,Mitochondrion
858,P08559,PDHA1,Mitochondrion
859,P11177,PDHB,Mitochondrion
860,O00330,PDHX,Mitochondrion
861,Q9P0J1,PDP1,Mitochondrion
862,Q8NCN5,PDPR,Mitochondrion
863,Q5JRX3,PITRM1,Mitochondrion
864,Q10713,PMPCA,Mitochondrion
865,O75439,PMPCB,Mitochondrion
866,Q8TCS8,PNPT1,Mitochondrion
867,P54098,POLG,Mitochondrion
868,O00411,POLRMT,Mitochondrion
869,Q9H2U2,PPA2,Mitochondrion
870,P30405,PPIF,Mitochondrion
871,P32322,PYCR1,Mitochondrion
872,Q9HC36,RNMTL1,Mitochondrion
873,Q9NP81,SARS2,Mitochondrion
874,Q9NX18,SDHAF2,Mitochondrion
875,P34897,SHMT2,Mitochondrion
876,P04179,SOD2,Mitochondrion
877,Q04837,SSBP1,Mitochondrion
878,Q9P2R7,SUCLA2,Mitochondrion
879,P53597,SUCLG1,Mitochondrion
880,Q96I99,SUCLG2,Mitochondrion
881,Q8IYB8,SUPV3L1,Mitochondrion
882,Q9BW92,TARS2,Mitochondrion
883,Q00059,TFAM,Mitochondrion
884,Q9H5Q4,TFB2M,Mitochondrion
885,Q12931,TRAP1,Mitochondrion
886,Q7L0Y3,TRMT10C,Mitochondrion
887,Q16762,TST,Mitochondrion
888,Q9UGM6,WARS2,Mitochondrion
889,Q9Y2Z4,YARS2,Mitochondrion
890,Q92667,AKAP1,Mitochondrion
891,Q9NZ45,CISD1,Mitochondrion
892,P50416,CPT1A,Mitochondrion
893,Q5VT66,42430,Mitochondrion
894,Q969Z3,42431,Mitochondrion
895,Q7Z434,MAVS,Mitochondrion
896,Q9GZY8,MFF,Mitochondrion
897,Q8IWA4,MFN1,Mitochondrion
898,O95140,MFN2,Mitochondrion
899,Q9NZJ7,MTCH1,Mitochondrion
900,Q9Y6C9,MTCH2,Mitochondrion
901,Q8IXI2,RHOT1,Mitochondrion
902,Q8IXI1,RHOT2,Mitochondrion
903,Q9NS69,TOMM22,Mitochondrion
904,O96008,TOMM40,Mitochondrion
905,Q8N4H5,TOMM5,Mitochondrion
906,O94826,TOMM70A,Mitochondrion
907,P21796,VDAC1,Mitochondrion
908,P45880,VDAC2,Mitochondrion
909,Q9Y277,VDAC3,Mitochondrion
928,P33897,ABCD1,Peroxisome
929,P28288,ABCD3,Peroxisome
930,P09110,ACAA1,Peroxisome
931,Q5T8D3,ACBD5,Peroxisome
932,O14734,ACOT8,Peroxisome
933,Q15067,ACOX1,Peroxisome
934,O00116,AGPS,Peroxisome
935,P04040,CAT,Peroxisome
936,Q9NUI1,DECR2,Peroxisome
937,Q8WVX9,FAR1,Peroxisome
938,O15228,GNPAT,Peroxisome
939,Q9UJ83,HACL1,Peroxisome
940,P51659,HSD17B4,Peroxisome
941,O43933,PEX1,Peroxisome
942,O96011,PEX11B,Peroxisome
943,Q92968,PEX13,Peroxisome
944,O75381,PEX14,Peroxisome
945,P56589,PEX3,Peroxisome
946,Q13608,PEX6,Peroxisome
947,O43808,SLC25A17,Peroxisome
948,Q2T9J0,TYSND1,Peroxisome
949,P08183,ABCB1,Plasma membrane
950,Q92887,ABCC2,Plasma membrane
951,P78536,ADAM17,Plasma membrane
952,Q13443,ADAM9,Plasma membrane
953,P05187,ALPP,Plasma membrane
954,Q4KMQ2,ANO6,Plasma membrane
955,Q9H6X2,ANTXR1,Plasma membrane
956,O95782,AP2A1,Plasma membrane
957,O94973,AP2A2,Plasma membrane
958,Q96CW1,AP2M1,Plasma membrane
959,P53680,AP2S1,Plasma membrane
960,P05023,ATP1A1,Plasma membrane
961,P05026,ATP1B1,Plasma membrane
962,P54709,ATP1B3,Plasma membrane
963,P20020,ATP2B1,Plasma membrane
964,Q16720,ATP2B3,Plasma membrane
965,P23634,ATP2B4,Plasma membrane
966,P30530,AXL,Plasma membrane
967,P80723,BASP1,Plasma membrane
968,P50895,BCAM,Plasma membrane
969,P35613,BSG,Plasma membrane
970,Q9BY67,CADM1,Plasma membrane
971,Q6YHK3,CD109,Plasma membrane
972,P16070,CD44,Plasma membrane
973,P15529,CD46,Plasma membrane
974,Q08722,CD47,Plasma membrane
975,P08174,CD55,Plasma membrane
976,P19256,CD58,Plasma membrane
977,P13987,CD59,Plasma membrane
978,P21926,CD9,Plasma membrane
979,P48960,CD97,Plasma membrane
980,P14209,CD99,Plasma membrane
981,Q9Y6N8,CDH10,Plasma membrane
982,Q9H6B4,CLMP,Plasma membrane
983,Q9H8M5,CNNM2,Plasma membrane
984,Q8NE01,CNNM3,Plasma membrane
985,P14384,CPM,Plasma membrane
986,Q6UVK1,CSPG4,Plasma membrane
987,P78310,CXADR,Plasma membrane
988,P98082,DAB2,Plasma membrane
989,Q14118,DAG1,Plasma membrane
990,Q08345,DDR1,Plasma membrane
991,Q16832,DDR2,Plasma membrane
992,P11532,DMD,Plasma membrane
993,Q02487,DSC2,Plasma membrane
994,Q14126,DSG2,Plasma membrane
995,Q14156,EFR3A,Plasma membrane
996,P00533,EGFR,Plasma membrane
997,P29317,EPHA2,Plasma membrane
998,P54760,EPHB4,Plasma membrane
999,Q9UBC2,EPS15L1,Plasma membrane
1000,Q9Y624,F11R,Plasma membrane
1001,Q9Y4F1,FARP1,Plasma membrane
1002,P25445,FAS,Plasma membrane
1003,Q0JRZ9,FCHO2,Plasma membrane
1004,O95466,FMNL1,Plasma membrane
1005,P15328,FOLR1,Plasma membrane
1006,P06241,FYN,Plasma membrane
1007,P54826,GAS1,Plasma membrane
1008,P63092,GNAS,Plasma membrane
1009,Q8IZP9,GPR64,Plasma membrane
1010,Q7Z2K8,GPRIN1,Plasma membrane
1011,P98160,HSPG2,Plasma membrane
1012,P05362,ICAM1,Plasma membrane
1013,P08069,IGF1R,Plasma membrane
1014,Q969P0,IGSF8,Plasma membrane
1015,Q9NPH3,IL1RAP,Plasma membrane
1016,P40189,IL6ST,Plasma membrane
1017,P06213,INSR,Plasma membrane
1018,P46940,IQGAP1,Plasma membrane
1019,P26006,ITGA3,Plasma membrane
1020,P23229,ITGA6,Plasma membrane
1021,P06756,ITGAV,Plasma membrane
1022,P18084,ITGB5,Plasma membrane
1023,Q15811,ITSN1,Plasma membrane
1024,Q96J84,KIRREL,Plasma membrane
1025,P32004,L1CAM,Plasma membrane
1026,Q9NUP9,LIN7C,Plasma membrane
1027,Q8IWT6,LRRC8A,Plasma membrane
1028,Q86X29,LSR,Plasma membrane
1029,O95274,LYPD3,Plasma membrane
1030,P43121,MCAM,Plasma membrane
1031,P08581,MET,Plasma membrane
1032,P08582,MFI2,Plasma membrane
1033,Q04721,NOTCH2,Plasma membrane
1034,P16066,NPR1,Plasma membrane
1035,P17342,NPR3,Plasma membrane
1036,Q9Y639,NPTN,Plasma membrane
1037,P78380,OLR1,Plasma membrane
1038,O75781,PALM,Plasma membrane
1039,O14917,PCDH17,Plasma membrane
1040,O60245,PCDH7,Plasma membrane
1041,Q03405,PLAUR,Plasma membrane
1042,Q9UIW2,PLXNA1,Plasma membrane
1043,O75051,PLXNA2,Plasma membrane
1044,O15031,PLXNB2,Plasma membrane
1045,Q9Y4D7,PLXND1,Plasma membrane
1046,Q12913,PTPRJ,Plasma membrane
1047,Q15262,PTPRK,Plasma membrane
1048,P15151,PVR,Plasma membrane
1049,Q92692,PVRL2,Plasma membrane
1050,Q01974,ROR2,Plasma membrane
1051,Q86UN3,RTN4RL2,Plasma membrane
1052,Q9Y666,SLC12A7,Plasma membrane
1053,P53985,SLC16A1,Plasma membrane
1054,O15427,SLC16A3,Plasma membrane
1055,Q15758,SLC1A5,Plasma membrane
1056,Q99808,SLC29A1,Plasma membrane
1057,P11166,SLC2A1,Plasma membrane
1058,P11169,SLC2A3,Plasma membrane
1059,Q9Y6M5,SLC30A1,Plasma membrane
1060,Q15043,SLC39A14,Plasma membrane
1061,Q13433,SLC39A6,Plasma membrane
1062,P08195,SLC3A2,Plasma membrane
1063,Q8N370,SLC43A2,Plasma membrane
1064,Q9Y6M7,SLC4A7,Plasma membrane
1065,P30825,SLC7A1,Plasma membrane
1066,Q01650,SLC7A5,Plasma membrane
1067,Q96BD0,SLCO4A1,Plasma membrane
1068,O00161,SNAP23,Plasma membrane
1069,Q13277,STX3,Plasma membrane
1070,Q12846,STX4,Plasma membrane
1071,O00186,STXBP3,Plasma membrane
1072,Q03167,TGFBR3,Plasma membrane
1073,Q8TAA9,VANGL1,Plasma membrane
1074,Q9UBH6,XPR1,Plasma membrane
1075,Q9C0B5,ZDHHC5,Plasma membrane
